#Timing,Name,HeadYaw,HeadPitch,RShoulderPitch,RShoulderRoll,RElbowYaw,RElbowRoll,LShoulderPitch,LShoulderRoll,LElbowYaw,LElbowRoll,RHipYawPitch,RHipRoll,RHipPitch,RKneePitch,RAnklePitch,RAnkleRoll,LHipYawPitch,LHipRoll,LHipPitch,LKneePitch,LAnklePitch,LAnkleRoll,RWristYaw,LWristYaw
00:01:750,Pose01,0.006,-0.658,2.067,-0.541,1.282,0.822,2.067,0.397,-1.364,-0.807,-0.846,-0.191,0.243,0.112,0.446,0.166,-0.846,0.027,0.303,0.130,0.794,-0.042,1.816,-1.814 
00:01:800,Pose02,0.005,-0.656,2.061,-0.540,1.258,0.790,2.063,0.400,-1.338,-0.773,-0.825,-0.186,0.232,0.151,0.437,0.162,-0.825,0.025,0.288,0.178,0.778,-0.041,1.819,-1.817 
00:01:850,Pose03,0.005,-0.654,2.053,-0.538,1.226,0.756,2.057,0.403,-1.304,-0.739,-0.799,-0.180,0.218,0.200,0.427,0.158,-0.799,0.023,0.271,0.233,0.759,-0.041,1.821,-1.820 
00:01:900,Pose04,0.005,-0.650,2.036,-0.534,1.163,0.703,2.044,0.408,-1.238,-0.685,-0.752,-0.169,0.194,0.287,0.411,0.150,-0.752,0.020,0.242,0.328,0.726,-0.039,1.822,-1.822 
00:01:950,Pose05,0.004,-0.647,2.023,-0.531,1.112,0.667,2.033,0.410,-1.185,-0.648,-0.716,-0.160,0.175,0.354,0.401,0.144,-0.716,0.018,0.220,0.398,0.701,-0.038,1.822,-1.823 
00:02:000,Pose06,0.004,-0.644,2.008,-0.528,1.055,0.629,2.021,0.412,-1.125,-0.610,-0.677,-0.151,0.155,0.427,0.390,0.138,-0.677,0.016,0.197,0.473,0.674,-0.037,1.821,-1.823 
00:02:050,Pose07,0.003,-0.640,1.992,-0.523,0.992,0.591,2.008,0.413,-1.059,-0.572,-0.636,-0.141,0.133,0.505,0.379,0.130,-0.636,0.015,0.172,0.551,0.647,-0.035,1.821,-1.824 
00:02:100,Pose08,0.003,-0.637,1.975,-0.517,0.924,0.552,1.994,0.414,-0.988,-0.533,-0.592,-0.130,0.111,0.586,0.368,0.123,-0.592,0.013,0.147,0.633,0.618,-0.034,1.820,-1.824 
00:02:150,Pose09,0.002,-0.633,1.957,-0.511,0.852,0.513,1.979,0.414,-0.913,-0.494,-0.547,-0.119,0.087,0.671,0.357,0.115,-0.547,0.011,0.121,0.717,0.588,-0.032,1.819,-1.824 
00:02:200,Pose10,0.001,-0.629,1.939,-0.504,0.777,0.474,1.964,0.413,-0.835,-0.456,-0.501,-0.108,0.063,0.758,0.346,0.107,-0.501,0.009,0.095,0.802,0.558,-0.031,1.819,-1.824 
00:02:250,Pose11,0.001,-0.625,1.921,-0.496,0.700,0.436,1.948,0.411,-0.755,-0.418,-0.454,-0.097,0.038,0.846,0.335,0.099,-0.454,0.008,0.068,0.888,0.527,-0.029,1.818,-1.824 
00:02:300,Pose12,0.000,-0.621,1.902,-0.487,0.621,0.399,1.932,0.408,-0.673,-0.381,-0.406,-0.086,0.014,0.934,0.325,0.091,-0.406,0.006,0.042,0.973,0.497,-0.027,1.817,-1.824 
00:02:350,Pose13,-0.000,-0.617,1.883,-0.478,0.542,0.363,1.916,0.405,-0.590,-0.345,-0.360,-0.075,-0.011,1.022,0.314,0.082,-0.360,0.005,0.016,1.057,0.467,-0.025,1.817,-1.824 
00:02:400,Pose14,-0.001,-0.611,1.855,-0.463,0.425,0.311,1.892,0.400,-0.468,-0.295,-0.291,-0.058,-0.046,1.150,0.300,0.070,-0.291,0.003,-0.022,1.180,0.423,-0.023,1.815,-1.824 
00:02:450,Pose15,-0.002,-0.608,1.837,-0.453,0.348,0.279,1.876,0.397,-0.389,-0.263,-0.248,-0.048,-0.069,1.232,0.291,0.062,-0.248,0.001,-0.046,1.257,0.395,-0.021,1.815,-1.824 
00:02:500,Pose16,-0.002,-0.604,1.820,-0.444,0.275,0.248,1.861,0.393,-0.313,-0.233,-0.206,-0.038,-0.091,1.310,0.282,0.054,-0.206,0.000,-0.068,1.331,0.369,-0.019,1.814,-1.824 
00:02:550,Pose17,-0.003,-0.601,1.804,-0.435,0.204,0.219,1.847,0.390,-0.240,-0.205,-0.167,-0.029,-0.111,1.382,0.275,0.046,-0.167,-0.001,-0.090,1.400,0.345,-0.017,1.813,-1.824 
00:02:600,Pose18,-0.003,-0.598,1.791,-0.427,0.138,0.192,1.834,0.388,-0.171,-0.179,-0.131,-0.020,-0.130,1.450,0.267,0.039,-0.131,-0.002,-0.109,1.463,0.322,-0.015,1.813,-1.824 
00:02:650,Pose19,-0.004,-0.595,1.777,-0.420,0.077,0.168,1.822,0.387,-0.108,-0.155,-0.099,-0.012,-0.146,1.510,0.261,0.032,-0.099,-0.002,-0.126,1.519,0.302,-0.013,1.812,-1.824 
00:02:700,Pose20,-0.004,-0.593,1.764,-0.414,0.022,0.146,1.812,0.387,-0.051,-0.133,-0.071,-0.006,-0.161,1.562,0.256,0.026,-0.071,-0.003,-0.142,1.569,0.284,-0.011,1.812,-1.824 
00:02:750,Pose21,-0.004,-0.591,1.753,-0.409,-0.026,0.127,1.803,0.388,-0.002,-0.115,-0.048,0.000,-0.173,1.606,0.251,0.020,-0.048,-0.004,-0.154,1.610,0.269,-0.009,1.811,-1.824 
00:02:800,Pose22,-0.004,-0.589,1.743,-0.405,-0.066,0.111,1.795,0.390,0.040,-0.099,-0.029,0.004,-0.183,1.641,0.248,0.015,-0.029,-0.004,-0.164,1.642,0.258,-0.007,1.811,-1.824 
00:02:850,Pose23,-0.005,-0.588,1.732,-0.401,-0.111,0.094,1.786,0.393,0.086,-0.082,-0.013,0.008,-0.192,1.672,0.245,0.009,-0.013,-0.004,-0.173,1.671,0.247,-0.005,1.810,-1.824 
00:02:900,Pose24,-0.005,-0.588,1.727,-0.399,-0.128,0.087,1.782,0.395,0.105,-0.075,-0.009,0.009,-0.193,1.678,0.244,0.006,-0.009,-0.005,-0.175,1.677,0.245,-0.003,1.810,-1.824 
00:02:950,Pose25,-0.005,-0.588,1.726,-0.399,-0.137,0.086,1.780,0.399,0.114,-0.074,-0.009,0.009,-0.192,1.678,0.245,0.004,-0.009,-0.005,-0.174,1.676,0.246,-0.001,1.810,-1.824 
00:03:000,Pose26,-0.005,-0.588,1.728,-0.402,-0.140,0.094,1.782,0.405,0.117,-0.084,-0.010,0.009,-0.189,1.676,0.247,0.002,-0.010,-0.005,-0.171,1.674,0.249,0.001,1.810,-1.824 
00:03:050,Pose27,-0.005,-0.589,1.733,-0.408,-0.138,0.114,1.787,0.415,0.115,-0.108,-0.012,0.009,-0.185,1.673,0.251,-0.000,-0.012,-0.005,-0.167,1.671,0.252,0.003,1.810,-1.823 
00:03:100,Pose28,-0.005,-0.590,1.742,-0.418,-0.133,0.145,1.794,0.428,0.110,-0.144,-0.013,0.009,-0.178,1.669,0.255,-0.002,-0.013,-0.005,-0.161,1.666,0.258,0.005,1.810,-1.822 
00:03:150,Pose29,-0.005,-0.591,1.754,-0.431,-0.124,0.186,1.805,0.444,0.103,-0.193,-0.016,0.009,-0.171,1.664,0.261,-0.004,-0.016,-0.005,-0.154,1.661,0.264,0.007,1.810,-1.821 
00:03:200,Pose30,-0.004,-0.592,1.770,-0.448,-0.114,0.237,1.818,0.462,0.093,-0.253,-0.018,0.009,-0.162,1.658,0.268,-0.005,-0.018,-0.005,-0.147,1.655,0.271,0.010,1.810,-1.819 
00:03:250,Pose31,-0.004,-0.593,1.787,-0.466,-0.102,0.298,1.832,0.483,0.081,-0.323,-0.021,0.009,-0.152,1.652,0.276,-0.006,-0.021,-0.005,-0.138,1.648,0.279,0.012,1.810,-1.818 
00:03:300,Pose32,-0.004,-0.595,1.807,-0.488,-0.088,0.365,1.849,0.507,0.068,-0.402,-0.024,0.008,-0.141,1.645,0.284,-0.007,-0.024,-0.005,-0.128,1.641,0.287,0.015,1.810,-1.816 
00:03:350,Pose33,-0.004,-0.597,1.826,-0.513,-0.072,0.437,1.867,0.532,0.054,-0.487,-0.027,0.008,-0.130,1.638,0.292,-0.008,-0.027,-0.005,-0.118,1.634,0.296,0.017,1.810,-1.814 
00:03:400,Pose34,-0.004,-0.599,1.856,-0.556,-0.045,0.553,1.895,0.574,0.030,-0.622,-0.032,0.008,-0.113,1.627,0.305,-0.010,-0.032,-0.005,-0.103,1.622,0.310,0.021,1.810,-1.810 
00:03:450,Pose35,-0.004,-0.601,1.879,-0.585,-0.027,0.634,1.913,0.608,0.013,-0.710,-0.035,0.008,-0.101,1.619,0.314,-0.010,-0.035,-0.005,-0.092,1.613,0.320,0.023,1.810,-1.808 
00:03:500,Pose36,-0.004,-0.602,1.902,-0.615,-0.009,0.717,1.933,0.643,-0.005,-0.799,-0.039,0.007,-0.089,1.612,0.323,-0.011,-0.039,-0.005,-0.082,1.605,0.329,0.026,1.810,-1.806 
00:03:550,Pose37,-0.004,-0.604,1.926,-0.646,0.009,0.798,1.954,0.677,-0.021,-0.889,-0.042,0.007,-0.078,1.605,0.332,-0.011,-0.042,-0.005,-0.071,1.597,0.339,0.028,1.810,-1.803 
00:03:600,Pose38,-0.004,-0.605,1.950,-0.676,0.026,0.879,1.976,0.710,-0.037,-0.977,-0.045,0.007,-0.067,1.598,0.340,-0.012,-0.045,-0.005,-0.062,1.590,0.347,0.030,1.810,-1.801 
00:03:650,Pose39,-0.004,-0.607,1.975,-0.705,0.042,0.959,1.998,0.740,-0.051,-1.062,-0.048,0.007,-0.056,1.591,0.348,-0.012,-0.048,-0.005,-0.052,1.583,0.356,0.032,1.810,-1.799 
00:03:700,Pose40,-0.004,-0.608,1.999,-0.732,0.056,1.037,2.019,0.768,-0.063,-1.143,-0.051,0.007,-0.047,1.585,0.355,-0.012,-0.051,-0.005,-0.044,1.576,0.363,0.034,1.810,-1.797 
00:03:750,Pose41,-0.004,-0.609,2.022,-0.757,0.069,1.110,2.039,0.793,-0.075,-1.219,-0.053,0.007,-0.039,1.580,0.362,-0.012,-0.053,-0.005,-0.037,1.570,0.370,0.035,1.810,-1.795 
00:03:800,Pose42,-0.003,-0.610,2.043,-0.779,0.079,1.179,2.056,0.815,-0.084,-1.287,-0.055,0.006,-0.032,1.575,0.367,-0.012,-0.055,-0.005,-0.030,1.565,0.376,0.036,1.810,-1.793 
00:03:850,Pose43,-0.003,-0.611,2.058,-0.797,0.087,1.242,2.067,0.832,-0.090,-1.346,-0.056,0.006,-0.026,1.572,0.371,-0.012,-0.056,-0.005,-0.025,1.561,0.380,0.037,1.810,-1.792 
00:03:900,Pose44,-0.003,-0.612,2.068,-0.812,0.092,1.297,2.074,0.845,-0.095,-1.395,-0.058,0.006,-0.022,1.569,0.374,-0.012,-0.058,-0.005,-0.022,1.558,0.383,0.038,1.810,-1.790 
00:03:950,Pose45,-0.003,-0.612,2.086,-0.787,0.109,1.451,2.086,0.819,-0.117,-1.511,-0.058,0.006,-0.020,1.568,0.376,-0.012,-0.058,-0.005,-0.020,1.555,0.385,0.038,1.810,-1.789 
00:04:000,Pose46,-0.003,-0.612,2.086,-0.766,0.100,1.471,2.086,0.796,-0.107,-1.510,-0.058,0.006,-0.020,1.568,0.376,-0.012,-0.058,-0.005,-0.020,1.555,0.385,0.038,1.811,-1.789 
00:04:050,Pose47,-0.003,-0.612,2.086,-0.711,0.076,1.485,2.086,0.736,-0.081,-1.507,-0.058,0.006,-0.020,1.568,0.376,-0.012,-0.058,-0.005,-0.020,1.555,0.385,0.038,1.812,-1.790 
00:04:100,Pose48,-0.003,-0.611,2.086,-0.632,0.042,1.495,2.086,0.649,-0.044,-1.503,-0.058,0.006,-0.020,1.568,0.376,-0.012,-0.058,-0.005,-0.020,1.555,0.385,0.038,1.814,-1.792 
00:04:150,Pose49,-0.003,-0.609,2.086,-0.539,0.002,1.502,2.086,0.547,-0.001,-1.498,-0.058,0.006,-0.021,1.568,0.376,-0.012,-0.058,-0.005,-0.020,1.555,0.385,0.038,1.816,-1.794 
00:04:200,Pose50,-0.003,-0.606,2.086,-0.444,-0.039,1.506,2.086,0.443,0.043,-1.494,-0.058,0.006,-0.021,1.568,0.376,-0.012,-0.058,-0.005,-0.020,1.555,0.385,0.038,1.819,-1.796 
00:04:250,Pose51,-0.003,-0.602,2.086,-0.357,-0.077,1.509,2.086,0.347,0.084,-1.489,-0.058,0.006,-0.021,1.568,0.376,-0.012,-0.058,-0.005,-0.020,1.555,0.385,0.038,1.821,-1.798 
00:04:300,Pose52,-0.002,-0.596,2.086,-0.289,-0.106,1.511,2.086,0.272,0.116,-1.486,-0.058,0.006,-0.021,1.568,0.376,-0.011,-0.058,-0.005,-0.020,1.554,0.385,0.038,1.823,-1.800 
00:04:350,Pose53,-0.002,-0.588,2.086,-0.249,-0.123,1.513,2.086,0.228,0.134,-1.484,-0.058,0.006,-0.022,1.568,0.376,-0.011,-0.058,-0.005,-0.020,1.554,0.385,0.038,1.824,-1.801 
00:04:400,Pose54,-0.001,-0.576,2.086,-0.244,-0.126,1.516,2.086,0.222,0.136,-1.483,-0.058,0.006,-0.021,1.566,0.377,-0.010,-0.058,-0.005,-0.019,1.552,0.386,0.038,1.823,-1.800 
00:04:450,Pose55,-0.001,-0.555,2.085,-0.244,-0.125,1.518,2.085,0.223,0.135,-1.483,-0.056,0.005,-0.016,1.550,0.383,-0.010,-0.056,-0.005,-0.014,1.536,0.392,0.038,1.819,-1.793 
00:04:500,Pose56,0.001,-0.505,2.084,-0.245,-0.122,1.523,2.084,0.224,0.130,-1.484,-0.049,0.000,-0.000,1.502,0.404,-0.009,-0.049,-0.005,0.001,1.487,0.412,0.036,1.804,-1.769 
00:04:550,Pose57,0.002,-0.461,2.082,-0.246,-0.119,1.525,2.082,0.226,0.126,-1.484,-0.042,-0.004,0.015,1.454,0.424,-0.009,-0.042,-0.005,0.016,1.440,0.432,0.035,1.791,-1.747 
00:04:600,Pose58,0.003,-0.411,2.080,-0.246,-0.115,1.527,2.080,0.228,0.121,-1.484,-0.034,-0.010,0.034,1.396,0.448,-0.008,-0.034,-0.005,0.035,1.382,0.456,0.033,1.774,-1.719 
00:04:650,Pose59,0.004,-0.353,2.078,-0.247,-0.111,1.529,2.078,0.230,0.115,-1.484,-0.025,-0.016,0.055,1.329,0.476,-0.007,-0.025,-0.005,0.056,1.316,0.483,0.031,1.754,-1.687 
00:04:700,Pose60,0.006,-0.292,2.076,-0.248,-0.106,1.531,2.076,0.232,0.108,-1.484,-0.015,-0.023,0.079,1.255,0.507,-0.007,-0.015,-0.005,0.079,1.242,0.514,0.029,1.732,-1.652 
00:04:750,Pose61,0.007,-0.226,2.073,-0.250,-0.101,1.533,2.073,0.234,0.101,-1.485,-0.004,-0.031,0.104,1.175,0.540,-0.006,-0.004,-0.005,0.105,1.163,0.547,0.027,1.709,-1.614 
00:04:800,Pose62,0.009,-0.157,2.071,-0.251,-0.096,1.535,2.070,0.237,0.093,-1.485,0.008,-0.039,0.131,1.090,0.576,-0.006,0.008,-0.005,0.131,1.079,0.581,0.024,1.684,-1.574 
00:04:850,Pose63,0.010,-0.087,2.068,-0.252,-0.090,1.536,2.067,0.240,0.085,-1.485,0.020,-0.048,0.159,1.002,0.612,-0.005,0.020,-0.005,0.159,0.992,0.617,0.022,1.659,-1.532 
00:04:900,Pose64,0.011,-0.016,2.065,-0.254,-0.084,1.538,2.064,0.242,0.077,-1.486,0.032,-0.056,0.188,0.913,0.649,-0.004,0.032,-0.005,0.187,0.904,0.654,0.019,1.633,-1.490 
00:04:950,Pose65,0.013,0.055,2.062,-0.255,-0.079,1.539,2.062,0.245,0.069,-1.486,0.045,-0.065,0.216,0.823,0.686,-0.004,0.045,-0.005,0.215,0.816,0.690,0.017,1.607,-1.447 
00:05:000,Pose66,0.014,0.124,2.060,-0.257,-0.073,1.540,2.059,0.248,0.061,-1.486,0.057,-0.074,0.244,0.735,0.723,-0.003,0.057,-0.005,0.243,0.729,0.726,0.014,1.581,-1.406 
00:05:050,Pose67,0.016,0.222,2.056,-0.259,-0.065,1.542,2.055,0.252,0.049,-1.487,0.074,-0.088,0.284,0.609,0.775,-0.002,0.074,-0.005,0.283,0.605,0.778,0.010,1.545,-1.346 
00:05:100,Pose68,0.017,0.282,2.053,-0.261,-0.060,1.542,2.052,0.254,0.042,-1.487,0.085,-0.096,0.309,0.530,0.808,-0.002,0.085,-0.005,0.307,0.528,0.810,0.008,1.522,-1.309 
00:05:150,Pose69,0.018,0.337,2.051,-0.262,-0.056,1.543,2.050,0.256,0.036,-1.487,0.094,-0.104,0.332,0.459,0.837,-0.001,0.094,-0.005,0.330,0.458,0.839,0.006,1.502,-1.275 
00:05:200,Pose70,0.019,0.386,2.049,-0.264,-0.052,1.544,2.048,0.258,0.030,-1.487,0.103,-0.112,0.352,0.395,0.863,-0.001,0.103,-0.005,0.349,0.395,0.864,0.004,1.483,-1.246 
00:05:250,Pose71,0.020,0.427,2.048,-0.265,-0.049,1.544,2.046,0.260,0.025,-1.488,0.110,-0.119,0.369,0.340,0.886,-0.001,0.110,-0.005,0.366,0.342,0.886,0.003,1.468,-1.220 
00:05:300,Pose72,0.021,0.459,2.046,-0.267,-0.046,1.544,2.045,0.261,0.021,-1.488,0.116,-0.125,0.382,0.296,0.903,-0.000,0.116,-0.005,0.379,0.300,0.903,0.001,1.456,-1.200 
00:05:350,Pose73,0.021,0.482,2.045,-0.268,-0.044,1.545,2.044,0.262,0.018,-1.488,0.120,-0.130,0.392,0.265,0.915,-0.000,0.120,-0.005,0.389,0.270,0.915,0.001,1.447,-1.186 
00:05:400,Pose74,0.021,0.494,2.045,-0.269,-0.043,1.545,2.043,0.262,0.017,-1.488,0.122,-0.135,0.397,0.247,0.922,-0.000,0.122,-0.005,0.394,0.254,0.922,0.000,1.443,-1.179 
00:05:450,Pose75,0.021,0.495,2.045,-0.271,-0.043,1.544,2.043,0.262,0.017,-1.488,0.123,-0.138,0.396,0.243,0.923,0.000,0.123,-0.004,0.393,0.251,0.923,0.000,1.442,-1.178 
00:05:500,Pose76,0.021,0.495,2.045,-0.272,-0.045,1.544,2.044,0.262,0.019,-1.487,0.123,-0.141,0.383,0.240,0.923,0.000,0.123,-0.002,0.381,0.250,0.923,0.000,1.442,-1.181 
00:05:550,Pose77,0.021,0.495,2.046,-0.273,-0.050,1.540,2.045,0.261,0.027,-1.484,0.123,-0.145,0.344,0.237,0.923,0.000,0.123,0.007,0.342,0.249,0.923,0.000,1.443,-1.188 
00:05:600,Pose78,0.021,0.495,2.047,-0.273,-0.055,1.537,2.046,0.261,0.035,-1.481,0.123,-0.147,0.305,0.235,0.923,0.000,0.123,0.016,0.303,0.248,0.923,0.000,1.444,-1.196 
00:05:650,Pose79,0.021,0.495,2.048,-0.274,-0.061,1.533,2.047,0.260,0.044,-1.477,0.122,-0.150,0.257,0.234,0.923,0.000,0.122,0.026,0.256,0.247,0.923,0.000,1.445,-1.205 
00:05:700,Pose80,0.021,0.494,2.049,-0.275,-0.068,1.528,2.048,0.259,0.054,-1.473,0.122,-0.152,0.201,0.232,0.923,0.000,0.122,0.038,0.200,0.247,0.923,0.000,1.446,-1.216 
00:05:750,Pose81,0.021,0.493,2.050,-0.275,-0.076,1.523,2.050,0.258,0.067,-1.467,0.122,-0.154,0.137,0.230,0.923,0.000,0.122,0.052,0.138,0.246,0.923,0.000,1.448,-1.228 
00:05:800,Pose82,0.020,0.493,2.051,-0.275,-0.085,1.516,2.052,0.257,0.080,-1.461,0.121,-0.155,0.067,0.229,0.923,0.000,0.121,0.068,0.069,0.246,0.923,0.000,1.449,-1.242 
00:05:850,Pose83,0.020,0.492,2.053,-0.276,-0.094,1.509,2.054,0.256,0.094,-1.454,0.121,-0.157,-0.008,0.228,0.923,0.000,0.121,0.084,-0.005,0.245,0.923,0.000,1.451,-1.256 
00:05:900,Pose84,0.020,0.490,2.054,-0.276,-0.104,1.502,2.056,0.254,0.109,-1.447,0.120,-0.158,-0.087,0.227,0.923,0.000,0.120,0.101,-0.084,0.245,0.923,0.000,1.453,-1.271 
00:05:950,Pose85,0.020,0.489,2.056,-0.277,-0.115,1.493,2.058,0.253,0.125,-1.439,0.119,-0.159,-0.170,0.226,0.923,0.000,0.119,0.120,-0.166,0.244,0.923,0.000,1.454,-1.287 
00:06:000,Pose86,0.019,0.487,2.057,-0.277,-0.126,1.485,2.060,0.252,0.142,-1.431,0.118,-0.160,-0.256,0.225,0.923,0.000,0.118,0.138,-0.250,0.244,0.923,0.000,1.456,-1.304 
00:06:050,Pose87,0.019,0.485,2.059,-0.277,-0.137,1.475,2.063,0.250,0.158,-1.421,0.117,-0.161,-0.343,0.224,0.923,0.000,0.117,0.157,-0.336,0.244,0.923,0.000,1.458,-1.320 
00:06:100,Pose88,0.018,0.481,2.061,-0.278,-0.153,1.460,2.066,0.248,0.184,-1.407,0.114,-0.163,-0.475,0.223,0.923,0.000,0.114,0.186,-0.466,0.243,0.922,0.000,1.461,-1.346 
00:06:150,Pose89,0.018,0.478,2.063,-0.279,-0.164,1.450,2.068,0.247,0.200,-1.396,0.112,-0.163,-0.562,0.223,0.923,0.000,0.112,0.205,-0.552,0.243,0.922,0.000,1.463,-1.363 
00:06:200,Pose90,0.017,0.474,2.065,-0.280,-0.175,1.439,2.071,0.245,0.217,-1.385,0.110,-0.164,-0.647,0.222,0.923,0.000,0.110,0.224,-0.637,0.243,0.922,0.000,1.465,-1.379 
00:06:250,Pose91,0.017,0.470,2.066,-0.281,-0.186,1.427,2.073,0.244,0.233,-1.374,0.108,-0.164,-0.730,0.222,0.923,0.000,0.108,0.242,-0.718,0.243,0.922,0.000,1.467,-1.395 
00:06:300,Pose92,0.017,0.466,2.068,-0.282,-0.196,1.416,2.075,0.243,0.248,-1.362,0.105,-0.165,-0.810,0.222,0.922,0.000,0.105,0.260,-0.797,0.243,0.922,0.000,1.468,-1.410 
00:06:350,Pose93,0.016,0.461,2.069,-0.283,-0.205,1.404,2.077,0.242,0.262,-1.350,0.102,-0.165,-0.885,0.222,0.922,0.000,0.102,0.276,-0.871,0.243,0.922,0.000,1.470,-1.425 
00:06:400,Pose94,0.016,0.455,2.071,-0.284,-0.214,1.392,2.079,0.240,0.275,-1.337,0.099,-0.165,-0.955,0.221,0.922,0.000,0.099,0.291,-0.940,0.242,0.922,0.000,1.472,-1.438 
00:06:450,Pose95,0.015,0.449,2.072,-0.286,-0.222,1.379,2.080,0.239,0.288,-1.325,0.095,-0.165,-1.018,0.221,0.922,0.000,0.095,0.305,-1.002,0.242,0.922,0.000,1.473,-1.450 
00:06:500,Pose96,0.015,0.442,2.073,-0.288,-0.229,1.367,2.082,0.238,0.298,-1.312,0.091,-0.165,-1.074,0.221,0.922,0.000,0.091,0.318,-1.058,0.242,0.922,0.000,1.474,-1.461 
00:06:550,Pose97,0.014,0.435,2.074,-0.290,-0.235,1.354,2.083,0.238,0.307,-1.298,0.086,-0.166,-1.123,0.221,0.922,0.000,0.086,0.328,-1.105,0.242,0.922,0.000,1.475,-1.470 
00:06:600,Pose98,0.013,0.423,2.075,-0.293,-0.242,1.335,2.085,0.237,0.318,-1.278,0.079,-0.166,-1.177,0.221,0.922,0.000,0.079,0.340,-1.159,0.242,0.922,0.000,1.476,-1.481 
00:06:650,Pose99,0.013,0.414,2.075,-0.296,-0.245,1.322,2.085,0.236,0.323,-1.264,0.073,-0.166,-1.201,0.221,0.922,0.000,0.073,0.345,-1.183,0.242,0.922,0.000,1.477,-1.485 
00:06:700,Pose100,0.012,0.404,2.076,-0.299,-0.247,1.309,2.086,0.236,0.325,-1.250,0.068,-0.166,-1.213,0.221,0.922,0.000,0.068,0.348,-1.195,0.242,0.922,0.000,1.477,-1.488 
00:06:750,Pose101,0.012,0.393,2.076,-0.303,-0.247,1.296,2.085,0.237,0.325,-1.235,0.060,-0.165,-1.215,0.223,0.922,-0.000,0.060,0.347,-1.196,0.244,0.922,0.000,1.477,-1.487 
00:06:800,Pose102,0.011,0.377,2.076,-0.309,-0.247,1.280,2.084,0.243,0.325,-1.220,0.042,-0.161,-1.214,0.238,0.920,-0.002,0.042,0.340,-1.196,0.257,0.919,0.003,1.477,-1.481 
00:06:850,Pose103,0.011,0.356,2.076,-0.317,-0.246,1.262,2.080,0.254,0.325,-1.203,0.015,-0.154,-1.213,0.267,0.916,-0.006,0.015,0.326,-1.194,0.282,0.914,0.009,1.477,-1.470 
00:06:900,Pose104,0.010,0.332,2.075,-0.328,-0.244,1.242,2.075,0.270,0.323,-1.185,-0.020,-0.144,-1.211,0.307,0.911,-0.012,-0.020,0.307,-1.192,0.316,0.907,0.017,1.476,-1.453 
00:06:950,Pose105,0.009,0.304,2.075,-0.340,-0.242,1.220,2.069,0.290,0.321,-1.166,-0.063,-0.131,-1.209,0.358,0.905,-0.019,-0.063,0.282,-1.190,0.360,0.898,0.027,1.475,-1.433 
00:07:000,Pose106,0.008,0.273,2.075,-0.355,-0.239,1.197,2.063,0.313,0.318,-1.145,-0.111,-0.116,-1.207,0.416,0.898,-0.027,-0.111,0.254,-1.187,0.411,0.887,0.038,1.474,-1.410 
00:07:050,Pose107,0.007,0.241,2.075,-0.371,-0.235,1.173,2.055,0.339,0.314,-1.124,-0.164,-0.099,-1.204,0.481,0.889,-0.036,-0.164,0.223,-1.183,0.467,0.876,0.051,1.472,-1.384 
00:07:100,Pose108,0.005,0.191,2.075,-0.398,-0.228,1.136,2.042,0.380,0.304,-1.091,-0.248,-0.072,-1.200,0.586,0.876,-0.051,-0.248,0.172,-1.178,0.560,0.856,0.072,1.468,-1.342 
00:07:150,Pose109,0.004,0.157,2.074,-0.417,-0.221,1.112,2.034,0.409,0.295,-1.068,-0.306,-0.054,-1.197,0.659,0.866,-0.061,-0.306,0.137,-1.174,0.625,0.842,0.086,1.465,-1.312 
00:07:200,Pose110,0.003,0.123,2.074,-0.437,-0.213,1.088,2.025,0.437,0.284,-1.044,-0.363,-0.035,-1.194,0.732,0.856,-0.072,-0.363,0.102,-1.171,0.690,0.828,0.100,1.460,-1.283 
00:07:250,Pose111,0.002,0.091,2.073,-0.458,-0.204,1.064,2.017,0.465,0.270,-1.020,-0.419,-0.017,-1.191,0.802,0.845,-0.081,-0.419,0.068,-1.167,0.755,0.814,0.114,1.455,-1.255 
00:07:300,Pose112,0.001,0.061,2.073,-0.479,-0.193,1.043,2.009,0.492,0.253,-0.995,-0.471,0.000,-1.188,0.870,0.835,-0.091,-0.471,0.036,-1.164,0.818,0.800,0.127,1.448,-1.228 
00:07:350,Pose113,0.001,0.034,2.072,-0.501,-0.180,1.022,2.001,0.516,0.234,-0.970,-0.519,0.016,-1.185,0.932,0.825,-0.100,-0.519,0.006,-1.160,0.877,0.787,0.139,1.441,-1.203 
00:07:400,Pose114,-0.000,0.010,2.071,-0.522,-0.166,1.004,1.995,0.538,0.211,-0.944,-0.562,0.030,-1.183,0.986,0.816,-0.107,-0.562,-0.020,-1.158,0.931,0.775,0.150,1.432,-1.181 
00:07:450,Pose115,-0.001,-0.010,2.070,-0.544,-0.150,0.988,1.990,0.556,0.185,-0.918,-0.597,0.042,-1.181,1.032,0.807,-0.114,-0.597,-0.042,-1.155,0.979,0.763,0.159,1.422,-1.163 
00:07:500,Pose116,-0.001,-0.025,2.069,-0.565,-0.132,0.975,1.985,0.570,0.155,-0.893,-0.624,0.051,-1.179,1.067,0.799,-0.118,-0.624,-0.059,-1.154,1.019,0.753,0.166,1.411,-1.149 
00:07:550,Pose117,-0.001,-0.035,2.068,-0.586,-0.111,0.965,1.983,0.578,0.121,-0.867,-0.641,0.056,-1.178,1.089,0.791,-0.122,-0.641,-0.070,-1.152,1.049,0.744,0.170,1.398,-1.140 
00:07:600,Pose118,-0.001,-0.038,2.064,-0.616,-0.077,0.957,1.982,0.581,0.061,-0.827,-0.647,0.058,-1.178,1.096,0.783,-0.122,-0.647,-0.073,-1.152,1.076,0.735,0.172,1.376,-1.137 
00:07:650,Pose119,0.002,-0.036,2.051,-0.637,-0.050,0.953,1.982,0.577,0.011,-0.799,-0.647,0.054,-1.181,1.093,0.777,-0.120,-0.647,-0.068,-1.155,1.089,0.730,0.169,1.358,-1.142 
00:07:700,Pose120,0.008,-0.031,2.028,-0.660,-0.019,0.949,1.983,0.569,-0.050,-0.769,-0.647,0.046,-1.186,1.087,0.772,-0.116,-0.647,-0.060,-1.161,1.101,0.725,0.164,1.339,-1.152 
00:07:750,Pose121,0.017,-0.025,1.995,-0.684,0.014,0.946,1.984,0.558,-0.118,-0.737,-0.647,0.034,-1.193,1.078,0.766,-0.110,-0.647,-0.047,-1.168,1.112,0.720,0.157,1.318,-1.166 
00:07:800,Pose122,0.028,-0.016,1.953,-0.709,0.050,0.943,1.986,0.544,-0.195,-0.704,-0.647,0.019,-1.203,1.067,0.761,-0.102,-0.647,-0.031,-1.179,1.122,0.715,0.148,1.295,-1.184 
00:07:850,Pose123,0.042,-0.006,1.903,-0.735,0.088,0.940,1.988,0.528,-0.278,-0.670,-0.647,0.001,-1.214,1.054,0.755,-0.093,-0.647,-0.012,-1.191,1.131,0.711,0.137,1.271,-1.205 
00:07:900,Pose124,0.057,0.005,1.846,-0.762,0.128,0.938,1.990,0.508,-0.368,-0.634,-0.647,-0.019,-1.227,1.038,0.749,-0.082,-0.647,0.011,-1.204,1.140,0.707,0.124,1.246,-1.230 
00:07:950,Pose125,0.074,0.018,1.783,-0.790,0.170,0.936,1.993,0.487,-0.462,-0.598,-0.647,-0.042,-1.241,1.021,0.744,-0.070,-0.647,0.035,-1.220,1.147,0.703,0.110,1.220,-1.257 
00:08:000,Pose126,0.093,0.032,1.715,-0.818,0.213,0.934,1.995,0.463,-0.561,-0.561,-0.647,-0.067,-1.257,1.002,0.738,-0.057,-0.647,0.062,-1.237,1.155,0.699,0.095,1.193,-1.287 
00:08:050,Pose127,0.113,0.047,1.641,-0.846,0.257,0.933,1.998,0.438,-0.663,-0.523,-0.647,-0.093,-1.273,0.982,0.733,-0.044,-0.647,0.091,-1.254,1.161,0.696,0.079,1.165,-1.318 
00:08:100,Pose128,0.145,0.071,1.525,-0.888,0.324,0.931,2.003,0.398,-0.821,-0.467,-0.647,-0.136,-1.300,0.951,0.725,-0.022,-0.647,0.137,-1.283,1.169,0.691,0.053,1.123,-1.369 
00:08:150,Pose129,0.168,0.087,1.444,-0.916,0.369,0.930,2.006,0.370,-0.927,-0.430,-0.647,-0.166,-1.319,0.928,0.720,-0.006,-0.647,0.169,-1.303,1.174,0.688,0.035,1.095,-1.404 
00:08:200,Pose130,0.191,0.104,1.361,-0.944,0.414,0.929,2.010,0.341,-1.034,-0.393,-0.647,-0.196,-1.337,0.906,0.715,0.009,-0.647,0.202,-1.323,1.178,0.685,0.016,1.066,-1.440 
00:08:250,Pose131,0.214,0.121,1.278,-0.971,0.458,0.928,2.014,0.312,-1.141,-0.357,-0.647,-0.227,-1.357,0.883,0.710,0.025,-0.647,0.235,-1.344,1.182,0.682,-0.002,1.038,-1.477 
00:08:300,Pose132,0.237,0.138,1.194,-0.998,0.501,0.927,2.017,0.283,-1.246,-0.322,-0.646,-0.258,-1.376,0.860,0.706,0.041,-0.646,0.268,-1.364,1.185,0.680,-0.021,1.011,-1.513 
00:08:350,Pose133,0.260,0.155,1.112,-1.024,0.543,0.927,2.021,0.254,-1.348,-0.288,-0.646,-0.288,-1.395,0.837,0.701,0.057,-0.646,0.300,-1.385,1.188,0.678,-0.039,0.984,-1.549 
00:08:400,Pose134,0.283,0.172,1.031,-1.048,0.584,0.926,2.025,0.225,-1.448,-0.255,-0.646,-0.318,-1.413,0.815,0.697,0.072,-0.646,0.332,-1.404,1.190,0.676,-0.057,0.957,-1.585 
00:08:450,Pose135,0.305,0.188,0.953,-1.072,0.623,0.926,2.029,0.197,-1.543,-0.224,-0.646,-0.348,-1.431,0.794,0.693,0.087,-0.646,0.363,-1.424,1.192,0.674,-0.075,0.932,-1.619 
00:08:500,Pose136,0.326,0.203,0.878,-1.094,0.659,0.925,2.033,0.171,-1.634,-0.194,-0.646,-0.376,-1.448,0.773,0.690,0.101,-0.646,0.393,-1.442,1.194,0.672,-0.092,0.908,-1.652 
00:08:550,Pose137,0.346,0.217,0.808,-1.114,0.694,0.925,2.036,0.145,-1.718,-0.167,-0.646,-0.403,-1.464,0.754,0.686,0.114,-0.646,0.421,-1.460,1.195,0.671,-0.107,0.886,-1.683 
00:08:600,Pose138,0.373,0.237,0.712,-1.141,0.740,0.924,2.042,0.110,-1.833,-0.130,-0.646,-0.439,-1.486,0.727,0.682,0.133,-0.646,0.459,-1.483,1.196,0.669,-0.129,0.855,-1.725 
00:08:650,Pose139,0.390,0.249,0.656,-1.157,0.766,0.923,2.045,0.089,-1.899,-0.109,-0.646,-0.461,-1.499,0.712,0.680,0.143,-0.646,0.481,-1.497,1.197,0.668,-0.141,0.836,-1.750 
00:08:700,Pose140,0.404,0.259,0.607,-1.171,0.789,0.922,2.049,0.070,-1.956,-0.091,-0.646,-0.481,-1.511,0.698,0.677,0.153,-0.646,0.500,-1.509,1.198,0.667,-0.152,0.820,-1.772 
00:08:750,Pose141,0.416,0.267,0.567,-1.182,0.808,0.922,2.052,0.054,-2.004,-0.075,-0.646,-0.497,-1.520,0.687,0.676,0.160,-0.646,0.517,-1.519,1.198,0.666,-0.161,0.806,-1.790 
00:08:800,Pose142,0.426,0.274,0.535,-1.191,0.823,0.921,2.055,0.040,-2.041,-0.063,-0.646,-0.511,-1.527,0.678,0.674,0.166,-0.646,0.529,-1.527,1.198,0.665,-0.169,0.795,-1.804 
00:08:850,Pose143,0.433,0.278,0.513,-1.197,0.833,0.919,2.058,0.030,-2.067,-0.055,-0.646,-0.521,-1.532,0.672,0.674,0.171,-0.646,0.538,-1.532,1.198,0.665,-0.174,0.786,-1.814 
00:08:900,Pose144,0.438,0.280,0.508,-1.198,0.835,0.919,2.059,0.028,-2.072,-0.053,-0.646,-0.528,-1.535,0.669,0.673,0.173,-0.646,0.542,-1.535,1.198,0.664,-0.176,0.783,-1.817 
00:08:950,Pose145,0.439,0.281,0.505,-1.199,0.837,0.918,2.061,0.024,-2.077,-0.051,-0.646,-0.530,-1.536,0.671,0.673,0.173,-0.646,0.543,-1.536,1.198,0.664,-0.176,0.780,-1.819 
00:09:000,Pose146,0.441,0.280,0.507,-1.196,0.838,0.917,2.063,0.021,-2.079,-0.050,-0.646,-0.533,-1.536,0.686,0.673,0.173,-0.646,0.543,-1.536,1.198,0.664,-0.176,0.777,-1.820 
00:09:050,Pose147,0.441,0.280,0.519,-1.187,0.839,0.916,2.065,0.018,-2.080,-0.049,-0.646,-0.535,-1.536,0.716,0.673,0.173,-0.646,0.543,-1.535,1.198,0.664,-0.176,0.775,-1.821 
00:09:100,Pose148,0.442,0.279,0.539,-1.172,0.839,0.915,2.067,0.016,-2.081,-0.048,-0.646,-0.536,-1.536,0.758,0.673,0.173,-0.646,0.543,-1.535,1.198,0.663,-0.176,0.772,-1.822 
00:09:150,Pose149,0.442,0.277,0.583,-1.138,0.838,0.914,2.070,0.013,-2.081,-0.047,-0.646,-0.538,-1.536,0.840,0.673,0.173,-0.646,0.543,-1.535,1.198,0.663,-0.176,0.770,-1.822 
00:09:200,Pose150,0.443,0.276,0.622,-1.109,0.837,0.913,2.072,0.011,-2.081,-0.046,-0.646,-0.540,-1.536,0.905,0.673,0.173,-0.646,0.543,-1.535,1.198,0.663,-0.176,0.768,-1.823 
00:09:250,Pose151,0.443,0.275,0.665,-1.075,0.836,0.912,2.074,0.010,-2.081,-0.046,-0.646,-0.540,-1.536,0.977,0.673,0.173,-0.646,0.543,-1.535,1.198,0.663,-0.176,0.767,-1.823 
00:09:300,Pose152,0.443,0.273,0.712,-1.038,0.834,0.912,2.076,0.008,-2.081,-0.046,-0.646,-0.541,-1.536,1.054,0.673,0.173,-0.646,0.543,-1.535,1.198,0.663,-0.176,0.766,-1.823 
00:09:350,Pose153,0.443,0.272,0.761,-0.998,0.832,0.911,2.078,0.007,-2.081,-0.045,-0.646,-0.542,-1.536,1.134,0.673,0.173,-0.646,0.543,-1.535,1.198,0.663,-0.176,0.765,-1.823 
00:09:400,Pose154,0.443,0.271,0.811,-0.956,0.829,0.910,2.079,0.007,-2.081,-0.045,-0.646,-0.542,-1.536,1.216,0.673,0.173,-0.646,0.543,-1.535,1.198,0.663,-0.176,0.764,-1.824 
00:09:450,Pose155,0.443,0.269,0.860,-0.913,0.826,0.909,2.081,0.006,-2.081,-0.045,-0.646,-0.543,-1.536,1.297,0.673,0.173,-0.646,0.543,-1.534,1.198,0.663,-0.176,0.764,-1.824 
00:09:500,Pose156,0.443,0.268,0.907,-0.871,0.821,0.907,2.082,0.006,-2.080,-0.045,-0.646,-0.543,-1.536,1.377,0.673,0.173,-0.646,0.543,-1.534,1.198,0.663,-0.176,0.764,-1.824 
00:09:550,Pose157,0.443,0.267,0.950,-0.829,0.816,0.905,2.083,0.005,-2.080,-0.045,-0.646,-0.543,-1.536,1.454,0.673,0.173,-0.646,0.543,-1.534,1.198,0.663,-0.176,0.763,-1.824 
00:09:600,Pose158,0.444,0.266,1.004,-0.770,0.806,0.902,2.084,0.005,-2.080,-0.045,-0.646,-0.543,-1.536,1.559,0.673,0.173,-0.646,0.543,-1.534,1.198,0.663,-0.176,0.763,-1.824 
00:09:650,Pose159,0.445,0.266,1.031,-0.734,0.798,0.898,2.085,0.007,-2.080,-0.044,-0.646,-0.543,-1.536,1.620,0.673,0.173,-0.646,0.543,-1.534,1.198,0.663,-0.176,0.762,-1.824 
00:09:700,Pose160,0.446,0.265,1.049,-0.703,0.789,0.895,2.085,0.011,-2.080,-0.043,-0.646,-0.543,-1.536,1.672,0.673,0.173,-0.646,0.543,-1.534,1.198,0.663,-0.176,0.762,-1.824 
00:09:750,Pose161,0.448,0.265,1.055,-0.677,0.776,0.884,2.085,0.017,-2.080,-0.042,-0.644,-0.542,-1.534,1.715,0.667,0.175,-0.644,0.543,-1.534,1.205,0.664,-0.175,0.761,-1.824 
00:09:800,Pose162,0.452,0.265,1.049,-0.655,0.754,0.857,2.085,0.023,-2.080,-0.042,-0.639,-0.537,-1.527,1.752,0.649,0.182,-0.639,0.544,-1.534,1.225,0.666,-0.172,0.760,-1.824 
00:09:850,Pose163,0.456,0.265,1.031,-0.640,0.721,0.809,2.086,0.030,-2.080,-0.041,-0.632,-0.531,-1.517,1.784,0.621,0.192,-0.632,0.545,-1.534,1.254,0.670,-0.167,0.760,-1.823 
00:09:900,Pose164,0.461,0.265,1.003,-0.627,0.678,0.743,2.086,0.035,-2.080,-0.041,-0.623,-0.522,-1.503,1.811,0.584,0.205,-0.623,0.546,-1.535,1.290,0.675,-0.160,0.759,-1.823 
00:09:950,Pose165,0.466,0.265,0.968,-0.616,0.626,0.662,2.086,0.038,-2.081,-0.041,-0.612,-0.511,-1.486,1.834,0.541,0.220,-0.612,0.547,-1.535,1.330,0.680,-0.152,0.759,-1.822 
00:10:000,Pose166,0.471,0.265,0.929,-0.608,0.568,0.572,2.086,0.041,-2.081,-0.041,-0.601,-0.499,-1.466,1.854,0.493,0.236,-0.601,0.549,-1.535,1.370,0.686,-0.144,0.759,-1.822 
00:10:050,Pose167,0.476,0.265,0.888,-0.603,0.508,0.480,2.086,0.042,-2.082,-0.041,-0.589,-0.485,-1.443,1.872,0.441,0.252,-0.589,0.550,-1.535,1.408,0.693,-0.135,0.758,-1.821 
00:10:100,Pose168,0.484,0.265,0.830,-0.597,0.419,0.352,2.086,0.043,-2.083,-0.041,-0.572,-0.462,-1.404,1.898,0.360,0.276,-0.572,0.551,-1.535,1.455,0.703,-0.121,0.758,-1.820 
00:10:150,Pose169,0.488,0.265,0.800,-0.592,0.365,0.284,2.086,0.044,-2.083,-0.042,-0.563,-0.445,-1.376,1.916,0.306,0.289,-0.563,0.552,-1.536,1.475,0.709,-0.112,0.758,-1.820 
00:10:200,Pose170,0.491,0.265,0.779,-0.587,0.319,0.238,2.086,0.045,-2.083,-0.042,-0.555,-0.428,-1.347,1.934,0.255,0.301,-0.555,0.552,-1.536,1.482,0.715,-0.104,0.758,-1.820 
00:10:250,Pose171,0.493,0.264,0.768,-0.580,0.283,0.216,2.086,0.047,-2.083,-0.042,-0.549,-0.410,-1.315,1.954,0.202,0.311,-0.549,0.552,-1.536,1.477,0.721,-0.096,0.758,-1.819 
00:10:300,Pose172,0.496,0.261,0.763,-0.573,0.253,0.215,2.086,0.050,-2.083,-0.042,-0.542,-0.390,-1.280,1.975,0.146,0.321,-0.542,0.552,-1.536,1.463,0.728,-0.087,0.758,-1.820 
00:10:350,Pose173,0.497,0.256,0.761,-0.566,0.229,0.230,2.086,0.057,-2.082,-0.041,-0.535,-0.370,-1.242,1.995,0.087,0.332,-0.535,0.552,-1.536,1.441,0.735,-0.076,0.758,-1.820 
00:10:400,Pose174,0.499,0.249,0.762,-0.559,0.209,0.259,2.086,0.066,-2.081,-0.041,-0.529,-0.348,-1.202,2.015,0.025,0.342,-0.529,0.552,-1.536,1.414,0.743,-0.065,0.758,-1.820 
00:10:450,Pose175,0.501,0.242,0.764,-0.553,0.194,0.298,2.086,0.079,-2.080,-0.041,-0.523,-0.325,-1.160,2.034,-0.038,0.353,-0.523,0.552,-1.536,1.384,0.751,-0.055,0.759,-1.820 
00:10:500,Pose176,0.502,0.235,0.768,-0.546,0.181,0.344,2.086,0.094,-2.079,-0.041,-0.517,-0.301,-1.116,2.052,-0.102,0.362,-0.517,0.552,-1.536,1.351,0.758,-0.044,0.759,-1.821 
00:10:550,Pose177,0.503,0.227,0.772,-0.539,0.172,0.395,2.086,0.111,-2.078,-0.041,-0.512,-0.277,-1.072,2.069,-0.166,0.371,-0.512,0.552,-1.536,1.319,0.766,-0.034,0.759,-1.821 
00:10:600,Pose178,0.504,0.217,0.780,-0.527,0.162,0.473,2.086,0.141,-2.076,-0.041,-0.505,-0.241,-1.006,2.090,-0.260,0.382,-0.505,0.552,-1.536,1.275,0.775,-0.021,0.760,-1.822 
00:10:650,Pose179,0.504,0.211,0.787,-0.519,0.158,0.522,2.086,0.164,-2.076,-0.042,-0.502,-0.216,-0.962,2.100,-0.320,0.388,-0.502,0.552,-1.536,1.250,0.780,-0.014,0.760,-1.823 
00:10:700,Pose180,0.505,0.207,0.794,-0.509,0.155,0.566,2.086,0.190,-2.075,-0.043,-0.500,-0.191,-0.919,2.108,-0.377,0.392,-0.500,0.552,-1.536,1.232,0.783,-0.009,0.760,-1.823 
00:10:750,Pose181,0.505,0.204,0.802,-0.498,0.154,0.602,2.086,0.213,-2.075,-0.043,-0.499,-0.167,-0.878,2.112,-0.430,0.394,-0.499,0.552,-1.536,1.222,0.785,-0.007,0.761,-1.823 
00:10:800,Pose182,0.505,0.204,0.810,-0.485,0.153,0.627,2.086,0.237,-2.075,-0.044,-0.500,-0.143,-0.838,2.112,-0.479,0.391,-0.500,0.555,-1.536,1.222,0.784,-0.007,0.761,-1.824 
00:10:850,Pose183,0.505,0.204,0.820,-0.470,0.155,0.643,2.086,0.260,-2.076,-0.044,-0.510,-0.117,-0.802,2.112,-0.517,0.366,-0.510,0.574,-1.535,1.227,0.772,-0.014,0.761,-1.824 
00:10:900,Pose184,0.504,0.205,0.832,-0.452,0.162,0.652,2.085,0.285,-2.077,-0.044,-0.527,-0.090,-0.769,2.112,-0.548,0.325,-0.527,0.605,-1.535,1.237,0.752,-0.026,0.761,-1.823 
00:10:950,Pose185,0.503,0.206,0.846,-0.430,0.175,0.657,2.083,0.310,-2.079,-0.044,-0.550,-0.062,-0.735,2.113,-0.574,0.273,-0.550,0.643,-1.535,1.248,0.729,-0.040,0.761,-1.823 
00:11:000,Pose186,0.501,0.208,0.861,-0.409,0.194,0.659,2.081,0.334,-2.080,-0.045,-0.577,-0.035,-0.700,2.113,-0.599,0.218,-0.577,0.682,-1.534,1.259,0.705,-0.054,0.761,-1.822 
00:11:050,Pose187,0.498,0.212,0.876,-0.389,0.219,0.658,2.078,0.357,-2.082,-0.045,-0.604,-0.009,-0.662,2.113,-0.627,0.168,-0.604,0.713,-1.534,1.268,0.685,-0.066,0.761,-1.822 
00:11:100,Pose188,0.491,0.221,0.902,-0.355,0.268,0.662,2.075,0.390,-2.084,-0.046,-0.643,0.026,-0.594,2.113,-0.680,0.117,-0.643,0.735,-1.534,1.275,0.672,-0.074,0.761,-1.820 
00:11:150,Pose189,0.481,0.230,0.921,-0.330,0.311,0.670,2.073,0.410,-2.084,-0.046,-0.669,0.048,-0.534,2.112,-0.727,0.099,-0.669,0.731,-1.534,1.269,0.676,-0.067,0.761,-1.820 
00:11:200,Pose190,0.464,0.241,0.944,-0.303,0.364,0.683,2.072,0.429,-2.084,-0.046,-0.700,0.071,-0.461,2.110,-0.783,0.086,-0.700,0.721,-1.534,1.255,0.688,-0.049,0.761,-1.819 
00:11:250,Pose191,0.442,0.255,0.971,-0.272,0.427,0.702,2.071,0.449,-2.084,-0.047,-0.734,0.095,-0.381,2.108,-0.845,0.076,-0.734,0.705,-1.534,1.234,0.704,-0.023,0.761,-1.818 
00:11:300,Pose192,0.417,0.269,1.000,-0.238,0.498,0.725,2.070,0.467,-2.084,-0.048,-0.767,0.117,-0.299,2.105,-0.907,0.069,-0.767,0.687,-1.534,1.208,0.724,0.007,0.761,-1.818 
00:11:350,Pose193,0.390,0.283,1.030,-0.203,0.572,0.751,2.070,0.485,-2.084,-0.049,-0.799,0.137,-0.222,2.103,-0.967,0.065,-0.799,0.667,-1.534,1.180,0.743,0.039,0.761,-1.817 
00:11:400,Pose194,0.365,0.297,1.058,-0.173,0.645,0.778,2.069,0.501,-2.084,-0.051,-0.826,0.154,-0.155,2.100,-1.021,0.063,-0.826,0.648,-1.534,1.151,0.762,0.067,0.761,-1.816 
00:11:450,Pose195,0.342,0.308,1.084,-0.146,0.712,0.803,2.068,0.516,-2.083,-0.053,-0.846,0.166,-0.104,2.098,-1.064,0.061,-0.846,0.630,-1.534,1.125,0.776,0.090,0.761,-1.814 
00:11:500,Pose196,0.324,0.317,1.105,-0.124,0.769,0.823,2.066,0.529,-2.082,-0.057,-0.857,0.172,-0.076,2.097,-1.093,0.060,-0.857,0.616,-1.534,1.104,0.784,0.102,0.761,-1.812 
00:11:550,Pose197,0.312,0.320,1.120,-0.109,0.810,0.836,2.063,0.539,-2.080,-0.061,-0.859,0.173,-0.072,2.097,-1.107,0.059,-0.859,0.606,-1.534,1.088,0.785,0.104,0.761,-1.809 
00:11:600,Pose198,0.296,0.320,1.134,-0.098,0.854,0.847,2.056,0.551,-2.062,-0.071,-0.857,0.172,-0.077,2.097,-1.122,0.058,-0.857,0.594,-1.531,1.066,0.786,0.102,0.761,-1.797 
00:11:650,Pose199,0.285,0.320,1.140,-0.094,0.875,0.850,2.048,0.559,-2.034,-0.079,-0.855,0.170,-0.082,2.097,-1.131,0.057,-0.855,0.586,-1.528,1.053,0.786,0.099,0.761,-1.783 
00:11:700,Pose200,0.276,0.320,1.145,-0.091,0.894,0.853,2.038,0.565,-1.991,-0.087,-0.852,0.168,-0.090,2.098,-1.140,0.056,-0.852,0.578,-1.523,1.039,0.786,0.095,0.761,-1.763 
00:11:750,Pose201,0.266,0.320,1.149,-0.090,0.910,0.855,2.026,0.571,-1.935,-0.097,-0.848,0.165,-0.099,2.098,-1.147,0.056,-0.848,0.571,-1.517,1.026,0.786,0.089,0.762,-1.739 
00:11:800,Pose202,0.257,0.320,1.152,-0.089,0.924,0.856,2.011,0.577,-1.866,-0.108,-0.844,0.162,-0.110,2.099,-1.154,0.055,-0.844,0.564,-1.510,1.013,0.786,0.083,0.762,-1.709 
00:11:850,Pose203,0.249,0.320,1.155,-0.089,0.936,0.856,1.995,0.583,-1.786,-0.119,-0.839,0.159,-0.123,2.099,-1.159,0.055,-0.839,0.557,-1.502,1.000,0.786,0.076,0.762,-1.676 
00:11:900,Pose204,0.240,0.320,1.157,-0.089,0.947,0.857,1.977,0.588,-1.697,-0.131,-0.834,0.154,-0.137,2.100,-1.164,0.055,-0.834,0.551,-1.494,0.988,0.786,0.069,0.763,-1.639 
00:11:950,Pose205,0.232,0.320,1.158,-0.089,0.957,0.857,1.957,0.593,-1.599,-0.143,-0.827,0.150,-0.152,2.101,-1.169,0.055,-0.827,0.545,-1.484,0.976,0.786,0.060,0.763,-1.599 
00:12:000,Pose206,0.225,0.320,1.160,-0.090,0.965,0.858,1.936,0.598,-1.495,-0.156,-0.821,0.145,-0.168,2.101,-1.173,0.055,-0.821,0.539,-1.473,0.964,0.786,0.051,0.763,-1.556 
00:12:050,Pose207,0.217,0.320,1.160,-0.091,0.972,0.858,1.914,0.602,-1.387,-0.169,-0.814,0.139,-0.185,2.102,-1.176,0.055,-0.814,0.532,-1.462,0.952,0.786,0.041,0.764,-1.512 
00:12:100,Pose208,0.209,0.320,1.161,-0.092,0.979,0.858,1.891,0.606,-1.275,-0.183,-0.806,0.134,-0.202,2.103,-1.179,0.054,-0.806,0.526,-1.450,0.940,0.786,0.031,0.764,-1.468 
00:12:150,Pose209,0.199,0.330,1.161,-0.094,0.986,0.858,1.855,0.613,-1.107,-0.203,-0.794,0.125,-0.230,2.104,-1.182,0.053,-0.794,0.518,-1.431,0.922,0.786,0.015,0.765,-1.400 
00:12:200,Pose210,0.191,0.337,1.161,-0.096,0.991,0.859,1.830,0.619,-0.996,-0.217,-0.786,0.118,-0.249,2.104,-1.184,0.052,-0.786,0.512,-1.417,0.911,0.786,0.004,0.766,-1.356 
00:12:250,Pose211,0.184,0.343,1.162,-0.098,0.994,0.859,1.805,0.623,-0.888,-0.231,-0.777,0.112,-0.268,2.105,-1.186,0.051,-0.777,0.505,-1.403,0.899,0.786,-0.008,0.766,-1.313 
00:12:300,Pose212,0.177,0.350,1.162,-0.101,0.997,0.859,1.781,0.628,-0.785,-0.244,-0.768,0.105,-0.287,2.106,-1.186,0.051,-0.768,0.499,-1.389,0.887,0.786,-0.019,0.767,-1.272 
00:12:350,Pose213,0.170,0.357,1.163,-0.104,0.999,0.859,1.757,0.632,-0.688,-0.257,-0.759,0.098,-0.306,2.106,-1.186,0.051,-0.759,0.493,-1.375,0.875,0.786,-0.031,0.767,-1.233 
00:12:400,Pose214,0.163,0.363,1.164,-0.107,1.001,0.860,1.733,0.635,-0.600,-0.270,-0.750,0.091,-0.324,2.107,-1.186,0.051,-0.750,0.486,-1.360,0.863,0.786,-0.043,0.767,-1.198 
00:12:450,Pose215,0.156,0.370,1.165,-0.111,1.002,0.860,1.711,0.638,-0.521,-0.283,-0.741,0.084,-0.342,2.107,-1.186,0.051,-0.741,0.480,-1.345,0.851,0.786,-0.055,0.768,-1.167 
00:12:500,Pose216,0.148,0.376,1.167,-0.116,1.003,0.861,1.689,0.640,-0.454,-0.295,-0.732,0.076,-0.360,2.107,-1.186,0.051,-0.732,0.473,-1.330,0.839,0.786,-0.066,0.768,-1.141 
00:12:550,Pose217,0.141,0.377,1.169,-0.121,1.004,0.862,1.669,0.643,-0.401,-0.307,-0.722,0.069,-0.377,2.108,-1.186,0.051,-0.722,0.466,-1.315,0.826,0.786,-0.077,0.768,-1.120 
00:12:600,Pose218,0.133,0.378,1.172,-0.127,1.004,0.863,1.650,0.644,-0.362,-0.318,-0.713,0.062,-0.393,2.108,-1.186,0.051,-0.713,0.458,-1.301,0.813,0.786,-0.089,0.768,-1.105 
00:12:650,Pose219,0.121,0.380,1.178,-0.137,1.005,0.866,1.625,0.646,-0.337,-0.334,-0.699,0.050,-0.415,2.106,-1.186,0.048,-0.699,0.446,-1.277,0.794,0.782,-0.098,0.769,-1.094 
00:12:700,Pose220,0.113,0.380,1.183,-0.148,1.005,0.871,1.610,0.646,-0.347,-0.343,-0.687,0.041,-0.431,2.102,-1.186,0.046,-0.687,0.437,-1.258,0.780,0.770,-0.106,0.769,-1.091 
00:12:750,Pose221,0.105,0.381,1.191,-0.163,1.005,0.878,1.598,0.647,-0.378,-0.351,-0.675,0.031,-0.446,2.095,-1.186,0.042,-0.675,0.428,-1.238,0.765,0.752,-0.118,0.769,-1.089 
00:12:800,Pose222,0.097,0.381,1.199,-0.181,1.005,0.889,1.587,0.646,-0.428,-0.359,-0.661,0.020,-0.462,2.087,-1.186,0.038,-0.661,0.418,-1.215,0.750,0.729,-0.134,0.769,-1.088 
00:12:850,Pose223,0.089,0.381,1.210,-0.204,1.005,0.903,1.577,0.646,-0.495,-0.365,-0.646,0.008,-0.478,2.077,-1.186,0.034,-0.646,0.407,-1.191,0.735,0.703,-0.153,0.769,-1.088 
00:12:900,Pose224,0.081,0.382,1.222,-0.230,1.005,0.919,1.568,0.645,-0.575,-0.372,-0.631,-0.004,-0.494,2.066,-1.186,0.029,-0.631,0.397,-1.165,0.721,0.674,-0.172,0.769,-1.088 
00:12:950,Pose225,0.074,0.382,1.236,-0.260,1.004,0.937,1.559,0.643,-0.665,-0.378,-0.615,-0.017,-0.511,2.055,-1.186,0.024,-0.615,0.386,-1.139,0.706,0.645,-0.193,0.769,-1.088 
00:13:000,Pose226,0.067,0.382,1.252,-0.295,1.002,0.957,1.551,0.640,-0.761,-0.384,-0.599,-0.031,-0.527,2.045,-1.186,0.019,-0.599,0.375,-1.113,0.692,0.616,-0.213,0.769,-1.088 
00:13:050,Pose227,0.059,0.382,1.267,-0.331,1.000,0.978,1.542,0.636,-0.860,-0.390,-0.583,-0.044,-0.544,2.035,-1.186,0.015,-0.583,0.363,-1.086,0.678,0.588,-0.232,0.769,-1.088 
00:13:100,Pose228,0.049,0.382,1.290,-0.384,0.997,1.009,1.528,0.630,-1.004,-0.401,-0.559,-0.065,-0.568,2.022,-1.186,0.008,-0.559,0.346,-1.047,0.658,0.553,-0.256,0.769,-1.088 
00:13:150,Pose229,0.043,0.382,1.305,-0.418,0.994,1.029,1.517,0.624,-1.093,-0.408,-0.542,-0.079,-0.586,2.016,-1.186,0.004,-0.542,0.334,-1.021,0.646,0.537,-0.268,0.769,-1.088 
00:13:200,Pose230,0.037,0.382,1.321,-0.454,0.990,1.053,1.507,0.618,-1.184,-0.416,-0.524,-0.095,-0.606,2.011,-1.186,-0.000,-0.524,0.321,-0.991,0.634,0.528,-0.274,0.769,-1.088 
00:13:250,Pose231,0.031,0.381,1.339,-0.492,0.984,1.082,1.490,0.610,-1.284,-0.427,-0.505,-0.112,-0.628,2.007,-1.186,-0.005,-0.505,0.306,-0.960,0.622,0.524,-0.277,0.769,-1.088 
00:13:300,Pose232,0.027,0.381,1.357,-0.533,0.975,1.114,1.477,0.602,-1.385,-0.437,-0.485,-0.130,-0.650,2.005,-1.186,-0.009,-0.485,0.291,-0.928,0.612,0.521,-0.279,0.769,-1.088 
00:13:350,Pose233,0.022,0.381,1.375,-0.572,0.965,1.146,1.466,0.593,-1.481,-0.446,-0.465,-0.148,-0.669,2.003,-1.186,-0.012,-0.465,0.277,-0.898,0.604,0.516,-0.283,0.769,-1.088 
00:13:400,Pose234,0.019,0.380,1.391,-0.607,0.954,1.173,1.458,0.584,-1.562,-0.455,-0.448,-0.166,-0.683,2.002,-1.186,-0.014,-0.448,0.264,-0.871,0.599,0.504,-0.291,0.769,-1.088 
00:13:450,Pose235,0.017,0.380,1.402,-0.632,0.942,1.193,1.451,0.574,-1.618,-0.464,-0.433,-0.183,-0.689,2.002,-1.186,-0.015,-0.433,0.253,-0.851,0.597,0.481,-0.306,0.769,-1.088 
00:13:500,Pose236,0.015,0.381,1.408,-0.647,0.929,1.202,1.446,0.566,-1.647,-0.474,-0.419,-0.200,-0.690,2.003,-1.186,-0.015,-0.419,0.244,-0.835,0.606,0.447,-0.312,0.769,-1.088 
00:13:550,Pose237,0.014,0.381,1.411,-0.659,0.909,1.208,1.439,0.553,-1.663,-0.490,-0.397,-0.228,-0.692,2.008,-1.186,-0.012,-0.397,0.230,-0.812,0.651,0.378,-0.322,0.769,-1.088 
00:13:600,Pose238,0.013,0.382,1.410,-0.663,0.894,1.210,1.435,0.545,-1.664,-0.501,-0.382,-0.248,-0.693,2.014,-1.186,-0.008,-0.382,0.220,-0.797,0.699,0.323,-0.329,0.770,-1.088 
00:13:650,Pose239,0.013,0.383,1.408,-0.666,0.878,1.210,1.432,0.538,-1.660,-0.513,-0.367,-0.268,-0.693,2.021,-1.186,-0.004,-0.367,0.211,-0.782,0.759,0.261,-0.336,0.771,-1.088 
00:13:700,Pose240,0.012,0.384,1.405,-0.668,0.861,1.210,1.428,0.530,-1.653,-0.526,-0.352,-0.289,-0.694,2.029,-1.186,0.001,-0.352,0.202,-0.768,0.827,0.195,-0.343,0.772,-1.088 
00:13:750,Pose241,0.012,0.385,1.401,-0.669,0.843,1.210,1.425,0.522,-1.643,-0.539,-0.337,-0.310,-0.695,2.038,-1.186,0.006,-0.337,0.194,-0.754,0.903,0.124,-0.350,0.773,-1.089 
00:13:800,Pose242,0.012,0.386,1.396,-0.670,0.826,1.209,1.421,0.515,-1.632,-0.552,-0.322,-0.331,-0.695,2.047,-1.186,0.012,-0.322,0.185,-0.741,0.984,0.050,-0.357,0.775,-1.089 
00:13:850,Pose243,0.012,0.387,1.391,-0.671,0.809,1.208,1.418,0.507,-1.620,-0.565,-0.308,-0.351,-0.695,2.057,-1.186,0.017,-0.308,0.177,-0.729,1.068,-0.025,-0.364,0.777,-1.089 
00:13:900,Pose244,0.012,0.389,1.386,-0.671,0.791,1.207,1.416,0.500,-1.606,-0.578,-0.294,-0.370,-0.696,2.067,-1.186,0.023,-0.294,0.169,-0.717,1.152,-0.100,-0.371,0.779,-1.090 
00:13:950,Pose245,0.012,0.390,1.381,-0.672,0.775,1.206,1.413,0.492,-1.591,-0.590,-0.282,-0.388,-0.696,2.076,-1.186,0.029,-0.282,0.161,-0.705,1.235,-0.174,-0.377,0.781,-1.090 
00:14:000,Pose246,0.012,0.391,1.376,-0.672,0.760,1.204,1.411,0.484,-1.576,-0.602,-0.271,-0.404,-0.696,2.085,-1.186,0.034,-0.271,0.154,-0.695,1.314,-0.246,-0.382,0.783,-1.091 
00:14:050,Pose247,0.011,0.392,1.372,-0.672,0.745,1.202,1.408,0.476,-1.560,-0.612,-0.261,-0.419,-0.696,2.093,-1.186,0.039,-0.261,0.146,-0.685,1.387,-0.315,-0.387,0.786,-1.091 
00:14:100,Pose248,0.010,0.393,1.366,-0.671,0.727,1.198,1.406,0.465,-1.536,-0.626,-0.249,-0.436,-0.696,2.103,-1.186,0.045,-0.249,0.136,-0.671,1.480,-0.409,-0.393,0.789,-1.091 
00:14:150,Pose249,0.009,0.394,1.362,-0.670,0.717,1.195,1.404,0.457,-1.521,-0.633,-0.244,-0.444,-0.696,2.108,-1.186,0.047,-0.244,0.130,-0.663,1.528,-0.464,-0.395,0.792,-1.092 
00:14:200,Pose250,0.008,0.394,1.360,-0.669,0.710,1.192,1.403,0.448,-1.506,-0.638,-0.240,-0.449,-0.696,2.111,-1.186,0.049,-0.240,0.124,-0.656,1.562,-0.512,-0.397,0.794,-1.092 
00:14:250,Pose251,0.006,0.394,1.358,-0.668,0.705,1.188,1.403,0.440,-1.492,-0.642,-0.239,-0.451,-0.696,2.113,-1.186,0.050,-0.239,0.118,-0.649,1.580,-0.551,-0.398,0.796,-1.092 
00:14:300,Pose252,0.004,0.393,1.357,-0.665,0.703,1.183,1.403,0.431,-1.478,-0.643,-0.239,-0.449,-0.696,2.112,-1.186,0.050,-0.239,0.113,-0.643,1.589,-0.584,-0.396,0.799,-1.092 
00:14:350,Pose253,0.002,0.391,1.358,-0.661,0.704,1.173,1.404,0.422,-1.464,-0.642,-0.240,-0.443,-0.696,2.110,-1.186,0.049,-0.240,0.107,-0.638,1.598,-0.615,-0.391,0.801,-1.089 
00:14:400,Pose254,-0.001,0.386,1.360,-0.654,0.707,1.159,1.406,0.413,-1.449,-0.637,-0.240,-0.433,-0.696,2.107,-1.186,0.048,-0.240,0.102,-0.634,1.605,-0.644,-0.383,0.804,-1.084 
00:14:450,Pose255,-0.005,0.380,1.364,-0.645,0.714,1.139,1.409,0.402,-1.434,-0.630,-0.241,-0.420,-0.696,2.102,-1.183,0.047,-0.241,0.097,-0.631,1.612,-0.672,-0.372,0.806,-1.077 
00:14:500,Pose256,-0.008,0.373,1.370,-0.634,0.723,1.113,1.411,0.394,-1.419,-0.620,-0.241,-0.404,-0.696,2.096,-1.180,0.045,-0.241,0.091,-0.629,1.619,-0.698,-0.358,0.809,-1.066 
00:14:550,Pose257,-0.014,0.360,1.380,-0.613,0.740,1.066,1.415,0.382,-1.395,-0.602,-0.242,-0.375,-0.694,2.085,-1.173,0.042,-0.242,0.084,-0.626,1.627,-0.735,-0.334,0.814,-1.046 
00:14:600,Pose258,-0.018,0.350,1.389,-0.597,0.754,1.030,1.419,0.374,-1.379,-0.587,-0.243,-0.353,-0.693,2.075,-1.168,0.040,-0.243,0.079,-0.625,1.632,-0.757,-0.310,0.817,-1.030 
00:14:650,Pose259,-0.022,0.339,1.398,-0.580,0.770,0.990,1.424,0.365,-1.363,-0.570,-0.244,-0.329,-0.692,2.064,-1.161,0.038,-0.244,0.074,-0.624,1.636,-0.777,-0.277,0.820,-1.011 
00:14:700,Pose260,-0.026,0.326,1.409,-0.562,0.787,0.946,1.429,0.357,-1.347,-0.551,-0.245,-0.304,-0.690,2.052,-1.154,0.035,-0.245,0.069,-0.623,1.640,-0.797,-0.248,0.824,-0.990 
00:14:750,Pose261,-0.031,0.314,1.420,-0.543,0.805,0.900,1.434,0.349,-1.330,-0.532,-0.247,-0.278,-0.688,2.038,-1.146,0.033,-0.247,0.065,-0.623,1.644,-0.814,-0.220,0.827,-0.968 
00:14:800,Pose262,-0.035,0.300,1.432,-0.523,0.824,0.853,1.441,0.341,-1.314,-0.511,-0.248,-0.252,-0.686,2.022,-1.137,0.030,-0.248,0.060,-0.623,1.647,-0.830,-0.195,0.830,-0.944 
00:14:850,Pose263,-0.039,0.286,1.445,-0.503,0.844,0.804,1.447,0.333,-1.298,-0.490,-0.249,-0.225,-0.683,2.004,-1.127,0.027,-0.249,0.056,-0.623,1.649,-0.845,-0.178,0.833,-0.919 
00:14:900,Pose264,-0.043,0.272,1.458,-0.483,0.864,0.755,1.454,0.326,-1.282,-0.468,-0.250,-0.198,-0.679,1.985,-1.116,0.025,-0.250,0.052,-0.622,1.651,-0.859,-0.173,0.837,-0.893 
00:14:950,Pose265,-0.047,0.257,1.472,-0.464,0.884,0.705,1.461,0.319,-1.266,-0.446,-0.251,-0.172,-0.675,1.965,-1.105,0.022,-0.251,0.048,-0.622,1.653,-0.871,-0.165,0.840,-0.866 
00:15:000,Pose266,-0.051,0.242,1.486,-0.444,0.904,0.656,1.469,0.312,-1.251,-0.424,-0.252,-0.146,-0.670,1.942,-1.092,0.020,-0.252,0.045,-0.621,1.654,-0.881,-0.144,0.843,-0.838 
00:15:050,Pose267,-0.055,0.227,1.500,-0.425,0.924,0.609,1.477,0.306,-1.237,-0.402,-0.253,-0.122,-0.665,1.918,-1.078,0.017,-0.253,0.042,-0.621,1.655,-0.891,-0.124,0.846,-0.810 
00:15:100,Pose268,-0.060,0.205,1.521,-0.398,0.953,0.541,1.489,0.297,-1.217,-0.370,-0.254,-0.089,-0.655,1.878,-1.055,0.014,-0.254,0.038,-0.618,1.657,-0.903,-0.096,0.850,-0.767 
00:15:150,Pose269,-0.063,0.191,1.535,-0.381,0.971,0.500,1.497,0.292,-1.205,-0.351,-0.255,-0.069,-0.648,1.849,-1.038,0.012,-0.255,0.035,-0.616,1.657,-0.909,-0.079,0.852,-0.738 
00:15:200,Pose270,-0.065,0.177,1.549,-0.365,0.989,0.462,1.505,0.287,-1.194,-0.332,-0.256,-0.051,-0.640,1.818,-1.021,0.010,-0.256,0.033,-0.614,1.658,-0.915,-0.065,0.854,-0.710 
00:15:250,Pose271,-0.067,0.163,1.563,-0.351,1.005,0.428,1.513,0.283,-1.184,-0.316,-0.257,-0.037,-0.631,1.786,-1.002,0.009,-0.257,0.032,-0.610,1.658,-0.919,-0.052,0.856,-0.682 
00:15:300,Pose272,-0.069,0.150,1.575,-0.337,1.020,0.399,1.519,0.279,-1.176,-0.302,-0.257,-0.025,-0.621,1.751,-0.982,0.007,-0.257,0.031,-0.606,1.658,-0.922,-0.043,0.857,-0.655 
00:15:350,Pose273,-0.070,0.138,1.585,-0.326,1.034,0.375,1.524,0.277,-1.169,-0.290,-0.257,-0.017,-0.610,1.714,-0.961,0.007,-0.257,0.030,-0.601,1.658,-0.924,-0.036,0.859,-0.629 
00:15:400,Pose274,-0.071,0.126,1.594,-0.317,1.046,0.358,1.529,0.275,-1.164,-0.281,-0.258,-0.013,-0.598,1.675,-0.938,0.006,-0.258,0.029,-0.595,1.658,-0.925,-0.033,0.860,-0.603 
00:15:450,Pose275,-0.071,0.116,1.600,-0.311,1.056,0.347,1.533,0.273,-1.161,-0.275,-0.258,-0.012,-0.585,1.634,-0.914,0.006,-0.258,0.029,-0.588,1.657,-0.924,-0.032,0.860,-0.579 
00:15:500,Pose276,-0.070,0.105,1.606,-0.306,1.066,0.341,1.537,0.272,-1.159,-0.272,-0.257,-0.013,-0.570,1.587,-0.887,0.007,-0.257,0.030,-0.577,1.645,-0.917,-0.033,0.858,-0.556 
00:15:550,Pose277,-0.069,0.093,1.609,-0.302,1.075,0.337,1.540,0.272,-1.158,-0.271,-0.256,-0.014,-0.551,1.534,-0.856,0.008,-0.256,0.031,-0.563,1.623,-0.904,-0.034,0.853,-0.532 
00:15:600,Pose278,-0.068,0.081,1.611,-0.299,1.083,0.336,1.541,0.271,-1.158,-0.270,-0.254,-0.016,-0.529,1.476,-0.823,0.010,-0.254,0.033,-0.545,1.590,-0.886,-0.035,0.844,-0.507 
00:15:650,Pose279,-0.065,0.063,1.611,-0.294,1.095,0.335,1.542,0.270,-1.158,-0.272,-0.251,-0.020,-0.493,1.381,-0.767,0.014,-0.251,0.036,-0.513,1.524,-0.848,-0.038,0.822,-0.468 
00:15:700,Pose280,-0.063,0.050,1.609,-0.292,1.103,0.336,1.541,0.269,-1.159,-0.275,-0.248,-0.024,-0.466,1.312,-0.728,0.017,-0.248,0.039,-0.488,1.470,-0.816,-0.041,0.803,-0.440 
00:15:750,Pose281,-0.061,0.037,1.606,-0.289,1.110,0.337,1.540,0.269,-1.160,-0.278,-0.245,-0.027,-0.438,1.240,-0.686,0.021,-0.245,0.042,-0.461,1.409,-0.781,-0.043,0.781,-0.412 
00:15:800,Pose282,-0.058,0.024,1.602,-0.287,1.118,0.339,1.538,0.268,-1.161,-0.283,-0.242,-0.032,-0.408,1.166,-0.643,0.025,-0.242,0.045,-0.432,1.342,-0.742,-0.046,0.756,-0.384 
00:15:850,Pose283,-0.055,0.011,1.597,-0.285,1.125,0.341,1.535,0.267,-1.163,-0.288,-0.238,-0.036,-0.377,1.089,-0.598,0.029,-0.238,0.049,-0.402,1.269,-0.700,-0.050,0.727,-0.355 
00:15:900,Pose284,-0.052,-0.002,1.591,-0.282,1.131,0.344,1.531,0.266,-1.165,-0.293,-0.234,-0.041,-0.344,1.011,-0.553,0.034,-0.234,0.053,-0.370,1.191,-0.655,-0.053,0.696,-0.325 
00:15:950,Pose285,-0.048,-0.015,1.584,-0.280,1.138,0.348,1.527,0.265,-1.167,-0.300,-0.230,-0.046,-0.311,0.931,-0.506,0.039,-0.230,0.057,-0.336,1.110,-0.608,-0.057,0.663,-0.295 
00:16:000,Pose286,-0.045,-0.028,1.576,-0.278,1.144,0.351,1.523,0.264,-1.169,-0.306,-0.226,-0.051,-0.278,0.851,-0.460,0.044,-0.226,0.062,-0.302,1.025,-0.559,-0.061,0.629,-0.266 
00:16:050,Pose287,-0.042,-0.041,1.568,-0.275,1.150,0.355,1.518,0.263,-1.171,-0.313,-0.222,-0.056,-0.244,0.770,-0.413,0.049,-0.222,0.066,-0.268,0.938,-0.508,-0.065,0.593,-0.236 
00:16:100,Pose288,-0.036,-0.060,1.554,-0.271,1.158,0.362,1.510,0.260,-1.175,-0.325,-0.215,-0.064,-0.194,0.651,-0.344,0.057,-0.215,0.073,-0.215,0.805,-0.432,-0.070,0.537,-0.192 
00:16:150,Pose289,-0.033,-0.072,1.545,-0.268,1.164,0.366,1.505,0.258,-1.177,-0.332,-0.210,-0.070,-0.160,0.572,-0.298,0.062,-0.210,0.078,-0.181,0.716,-0.380,-0.074,0.498,-0.164 
00:16:200,Pose290,-0.029,-0.084,1.536,-0.265,1.168,0.371,1.499,0.256,-1.179,-0.340,-0.206,-0.075,-0.128,0.496,-0.254,0.068,-0.206,0.082,-0.146,0.628,-0.329,-0.078,0.460,-0.136 
00:16:250,Pose291,-0.026,-0.095,1.527,-0.262,1.173,0.375,1.494,0.254,-1.182,-0.348,-0.202,-0.080,-0.096,0.422,-0.211,0.073,-0.202,0.087,-0.113,0.541,-0.279,-0.082,0.422,-0.109 
00:16:300,Pose292,-0.022,-0.106,1.518,-0.259,1.177,0.380,1.489,0.252,-1.184,-0.356,-0.197,-0.086,-0.065,0.350,-0.170,0.078,-0.197,0.091,-0.080,0.456,-0.230,-0.086,0.385,-0.082 
00:16:350,Pose293,-0.019,-0.116,1.509,-0.256,1.181,0.384,1.483,0.249,-1.186,-0.363,-0.193,-0.091,-0.036,0.282,-0.130,0.083,-0.193,0.095,-0.049,0.375,-0.183,-0.090,0.348,-0.058 
00:16:400,Pose294,-0.016,-0.125,1.500,-0.252,1.184,0.389,1.478,0.247,-1.189,-0.371,-0.190,-0.095,-0.008,0.218,-0.093,0.088,-0.190,0.099,-0.019,0.297,-0.138,-0.093,0.313,-0.034 
00:16:450,Pose295,-0.013,-0.134,1.492,-0.249,1.187,0.393,1.474,0.244,-1.191,-0.378,-0.186,-0.100,0.018,0.159,-0.058,0.092,-0.186,0.103,0.008,0.224,-0.096,-0.097,0.279,-0.012 
00:16:500,Pose296,-0.010,-0.142,1.485,-0.246,1.190,0.397,1.469,0.242,-1.193,-0.384,-0.182,-0.104,0.041,0.104,-0.027,0.096,-0.182,0.106,0.034,0.157,-0.057,-0.100,0.247,0.009 
00:16:550,Pose297,-0.006,-0.152,1.474,-0.241,1.194,0.402,1.463,0.238,-1.195,-0.393,-0.178,-0.109,0.072,0.033,0.015,0.101,-0.178,0.111,0.068,0.068,-0.005,-0.104,0.204,0.036 
00:16:600,Pose298,-0.004,-0.158,1.468,-0.239,1.196,0.405,1.459,0.236,-1.197,-0.398,-0.176,-0.112,0.090,-0.006,0.038,0.104,-0.176,0.113,0.086,0.017,0.024,-0.106,0.178,0.052 
00:16:650,Pose299,-0.003,-0.163,1.463,-0.236,1.197,0.407,1.456,0.234,-1.198,-0.403,-0.173,-0.115,0.104,-0.039,0.057,0.107,-0.173,0.116,0.102,-0.024,0.048,-0.108,0.156,0.066 
00:16:700,Pose300,-0.001,-0.166,1.458,-0.234,1.199,0.410,1.453,0.232,-1.199,-0.407,-0.172,-0.117,0.115,-0.065,0.071,0.109,-0.172,0.117,0.114,-0.057,0.067,-0.109,0.137,0.077 
